R,Q,Temp,tau
7,0.142857143,2.4,2.43E+04
6.75,0.148148148,2.4,2.05E+04
6.5,0.153846154,2.4,1.66E+04
6.25,0.16,2.4,1.24E+04
6,0.166666667,2.4,9.14E+03
5.5,0.181818182,2.4,6.38E+03
5,0.2,2.4,4.28E+03
4.5,0.222222222,2.4,2.53E+03
4,0.25,2.4,1.31E+03
3.5,0.285714286,2.4,899.7685104
3.25,0.307692308,2.4,678.5192032
3,0.333333333,2.4,646.4915234
